Timestamp,Author,Remark,Details,ApiKeyHash,Snapshot
2026-04-28 10:05:49 AM,Ralph,"▶️ Ran 6 test(s) — ✅ 6 triggered, ❌ 0 failed","Check Membership Paywall via Get Verified page, Check Membership Paywall from Splitter LP - splitter_web_banner, Check Membership Feature space page, Check Membership Paywall via Beats - Details page, Check Membership Paywall via Beats - Free Beats for Tokens Modal, Check Membership Paywall via on_signup_paywall",6b91c33d9ed8,"[{""Test Name"": ""Check Membership Feature space page"", ""Suite"": ""36. PAYMENTS"", ""Status"": ""FAILING"", ""Last Run"": ""27 Apr 2026, 6:34 PM""}, {""Test Name"": ""Check Membership Paywall from Splitter LP - splitter_web_banner"", ""Suite"": ""36. PAYMENTS"", ""Status"": ""FAILING"", ""Last Run"": ""27 Apr 2026, 6:58 PM""}, {""Test Name"": ""Check Membership Paywall via Beats - Details page"", ""Suite"": ""36. PAYMENTS"", ""Status"": ""FAILING"", ""Last Run"": ""27 Apr 2026, 7:04 PM""}, {""Test Name"": ""Check Membership Paywall via Beats - Free Beats for Tokens Modal"", ""Suite"": ""36. PAYMENTS"", ""Status"": ""FAILING"", ""Last Run"": ""27 Apr 2026, 7:01 PM""}, {""Test Name"": ""Check Membership Paywall via Get Verified page"", ""Suite"": ""36. PAYMENTS"", ""Status"": ""FAILING"", ""Last Run"": ""27 Apr 2026, 7:01 PM""}, {""Test Name"": ""Check Membership Paywall via on_signup_paywall"", ""Suite"": ""36. PAYMENTS"", ""Status"": ""FAILING"", ""Last Run"": ""27 Apr 2026, 7:36 PM""}]"
2026-04-28 10:02:53 AM,System,"✅ Finished running all suites — 1 triggered, 0 failed.",,6b91c33d9ed8,
2026-04-28 10:02:49 AM,System,🚀 Started running all suites (1 total).,,6b91c33d9ed8,
2026-04-28 10:02:40 AM,Ralph,▶️ Ran suite: 07. PAYMENTS - Membership (Spam) — ✅ triggered successfully,,6b91c33d9ed8,"[{""Test Name"": ""Purchase Membership - Basic (1 Month)"", ""Status"": ""FAILING"", ""Last Run"": ""28 Apr 2026, 9:58 AM""}, {""Test Name"": ""Purchase Membership - Basic (12 Month) "", ""Status"": ""FAILING"", ""Last Run"": ""28 Apr 2026, 9:58 AM""}, {""Test Name"": ""Purchase Membership - Basic (Annual Trial) (Copy)"", ""Status"": ""FAILING"", ""Last Run"": ""28 Apr 2026, 9:58 AM""}, {""Test Name"": ""Purchase Membership - Premium (1 Month) (Copy)"", ""Status"": ""FAILING"", ""Last Run"": ""28 Apr 2026, 9:59 AM""}, {""Test Name"": ""Purchase Membership - Premium (12 Month) "", ""Status"": ""FAILING"", ""Last Run"": ""28 Apr 2026, 9:59 AM""}, {""Test Name"": ""Purchase Membership - Premium (Annual Trial)"", ""Status"": ""FAILING"", ""Last Run"": ""28 Apr 2026, 9:59 AM""}, {""Test Name"": ""Purchase Membership via Fan Reach"", ""Status"": ""FAILING"", ""Last Run"": ""28 Apr 2026, 9:59 AM""}, {""Test Name"": ""Purchase Membership via User Settings"", ""Status"": ""FAILING"", ""Last Run"": ""28 Apr 2026, 9:59 AM""}, {""Test Name"": ""Referral Paywall Page (Random Plan) (Copy)"", ""Status"": ""FAILING"", ""Last Run"": ""28 Apr 2026, 9:59 AM""}]"
2026-04-28 09:58:15 AM,Ralph,▶️ Ran suite: 07. PAYMENTS - Membership (Spam) — ✅ triggered successfully,,6b91c33d9ed8,
2026-03-26 05:29:21 PM,Ralph,test,,6b91c33d9ed8,
2026-03-26 03:53:06 PM,Ralph,"▶️ Ran 9 test(s) in 07. PAYMENTS - Membership (Spam) — ✅ 9 triggered, ❌ 0 failed","Purchase Membership - Basic (Annual Trial) (Copy), Purchase Membership - Basic (1 Month), Purchase Membership - Basic (12 Month) , Purchase Membership - Premium (12 Month) , Purchase Membership - Premium (1 Month) (Copy), Purchase Membership via Fan Reach, Purchase Membership via User Settings, Referral Paywall Page (Random Plan) (Copy), Purchase Membership - Premium (Annual Trial)",6b91c33d9ed8,
2026-03-26 02:18:51 PM,Ralph,"▶️ Ran 1 test(s) in 07. PAYMENTS - Membership (Spam) — ✅ 1 triggered, ❌ 0 failed",Purchase Membership - Basic (12 Month) ,6b91c33d9ed8,
2026-03-26 02:08:52 PM,System,"✅ Finished running all suites — 1 triggered, 0 failed.",,6b91c33d9ed8,
2026-03-26 02:08:48 PM,System,🚀 Started running all suites (1 total).,,6b91c33d9ed8,
2026-03-26 01:46:10 PM,Ralph,"▶️ Ran 1 test(s) — ✅ 1 triggered, ❌ 0 failed",01. Check Profile Viewers without MEM,6b91c33d9ed8,
2026-03-26 01:44:33 PM,Ralph,"▶️ Ran 3 test(s) — ✅ 3 triggered, ❌ 0 failed","01. Check Profile Boost Modal (OTP), 01. Bio Pages UI + Empty state, 01. Check BL Verified Paywall(no MEM)",6b91c33d9ed8,
2026-03-26 01:40:45 PM,Ralph,"▶️ Ran 6 test(s) — ✅ 6 triggered, ❌ 0 failed","01. Deleted projects, 01. Privacy page, 01. Zerocase Overview (mobile), 01. Report, 02. Language page, 03. Security",6b91c33d9ed8,
2026-03-26 01:38:18 PM,Ralph,"▶️ Ran 3 test(s) — ✅ 3 triggered, ❌ 0 failed","01. Report, 03. Security, 02. Language page",6b91c33d9ed8,
2026-03-26 01:33:42 PM,Ralph,"▶️ Ran 40 test(s) — ✅ 40 triggered, ❌ 0 failed","02. Feed - Trending, 02. blsounds_sample_download, 03. Album page, 02. User profile, 01. Feed, 03. blsounds_pack_download, 04. Revision page, 04. Search page, 03. Revision page, 04. Track page, 05. Track page, 05. Global player, 06. Global player, 05. Track page, 04. blsounds_pack_add_to_mix_editor, 06. User profile, 08. Community, 07. Band, 08. Community, 07. Band, Property: effects_used, Created_from: quick_upload, Created_from: songstarter, 11. User profile, Created_from: me, Property: num_guitar_tracks, Property: num_midi_instrument_tracks, Property: num_bass_tracks, Property: is_published, Property: mastering_preset, Property: num_tracks_with_fx, Property: num_total_tracks, Property: num_tracks_with_autopitch, Property: num_tracks_with_premium_vocal_effects, Property: num_sampler_tracks, Property: num_voice_tracks, boost_post_start + boost_post_details_confirm, payments_check_out_tap(post), membership_paywall_modal_open, daily_open",6b91c33d9ed8,
2026-03-26 01:30:06 PM,Ralph,"▶️ Ran 1 test(s) — ✅ 1 triggered, ❌ 0 failed",01. Bio Pages UI + Empty state,6b91c33d9ed8,
2026-03-26 12:29:26 PM,Ralph,"▶️ Ran 82 test(s) — ✅ 82 triggered, ❌ 0 failed","01. Check Post Page UI, 01. Check UI for Playback history, 04. Check Report on track in Playback History, /splitter LP (Unauthorized user), /splitter LP (Authorized user), 04. Follow the user from post page, 10. Start a new conversation in chat, 15. Check Tipalti payout connection (4 step), 20. Tracks Tab, 20. Check info modal for released release, 7. View other user album, 28. Check Purchased Album UI, Activity: Check other User's Image Post, Activity: Interact with Image Post, Beats LP(registered), Check Affiliate Page - Annual, Check Affiliate Page - Monthly, Check Affiliate Page - Random Plan (Mobile), Check FAQ section on Membership LP, Check Affiliate Page - Random Plan (Webview), Check Blocked User UI, Check Membership Checkout via /sounds/browse, Check Membership Checkout via Pages - Themes, Check Membership Paywall from ""Get"" Top button (Artists Services), Check Membership Paywall from ""Get"" Top button (Feed), Check Membership Paywall from ""Get"" Top button (Create - Mobile Resolution), Check Membership Paywall from ""Get"" Top button (Library), Check Membership Paywall from ""Get"" Top button (Profile), Check Membership Paywall via Fan Reach Landing Page, Check Membership Paywall from Splitter LP - ""splitter_player_banner"", Check Membership Paywall via Beats - Details page, Check Membership Paywall via Industry Connect, Check Membership Paywall via Studio - BL Tokens, Check Membership Paywall via Studio - Effects (Channel Utility), Check Membership Paywall via Studio - Effects (Clean Limiter), Check Membership Paywall via Studio - Effects (Gater), Check Membership Paywall via Studio - Effects (M-S Spreader), Check Membership Paywall via Studio - Effects (Midside Encode), Check Membership Paywall via Studio - Effects (Multi Clipper), Check Membership Paywall via Studio - Effects (Multi-Band Comp), Check Membership Paywall via Studio - Effects (Shaper), Check Membership Paywall via Studio - Effects (Visual EQ) , Check Membership Paywall via Studio - Effects (Vocal Verb), Check Membership Paywall via Studio - Expand Effects chain, Check Membership Paywall via Studio - Normalize, Check Membership Paywall via Studio - Splitter, Check Membership Paywall via Studio - Voice Changer, Check Membership Paywall via Studio - Voice Cleaner, Check Membership Paywall via User Profile Viewers - Overview , Check Membership Paywall via on_signup_paywall, Check Payments for Membership until checkout - 1 Month, Check Payments for Membership until checkout - Trial, Check Private User UI, Check other user's Tracks, Check Universal Checkout via Membership Feature space, Community tab on Feed, Coupons - Post Boost, Deeplink - Membership (Monthly) (Mobile), Distro Landing Page, Deeplink - Membership (Yearly), Distro Landing Page (registered), Download Mixdown v0.1, Email already registered during onboarding, Force onboarding for users with unfinished onboarding, Global player: add sharing link for playback queue, Override Promo with Deeplink Coupon - (Random Plan), Override Promo with Deeplink Coupon - (Random Plan) (Mobile), Reactions on Fullscreen video player, Referral Paywall Page (Random Plan), Referral Paywall Page - Mobile(Random Plan), Referral Paywall Page -- Unauthorized then Sign Up (Random Plan) , Require Confirmed Emails for all users, Reset Password - Settings, Search, Trending Videos feature, UI: Revision1, follower view (user feed), UI: Trending - Revision check(in general), Update Tipalti account, Video Tab (owner), Video fullscreen : Feed, Video fullscreen : Trendings, 01. Check opportunities carousel in Explore",6b91c33d9ed8,
2026-03-26 11:15:02 AM,System,"✅ Finished running all suites — 77 triggered, 0 failed.",,6b91c33d9ed8,
2026-03-26 10:58:54 AM,System,🚀 Started running all suites (77 total).,,6b91c33d9ed8,
2026-03-26 09:55:43 AM,Ralph,"▶️ Ran 81 test(s): 01. Check Post Page UI, 01. Check UI for Playback history, 04. Check Report on track in Playback History, /splitter LP (Authorized user), /splitter LP (Unauthorized user), 04. Follow the user from post page, 10. Start a new conversation in chat, 15. Check Tipalti payout connection (4 step), 20. Check info modal for released release, 20. Tracks Tab, 7. View other user album, 28. Check Purchased Album UI, Activity: Interact with Image Post, Activity: Check other User's Image Post, Beats LP(registered), Check Affiliate Page - Monthly, Check Affiliate Page - Annual, Check FAQ section on Membership LP, Check Affiliate Page - Random Plan (Mobile), Check Affiliate Page - Random Plan (Webview), Check Membership Checkout via /sounds/browse, Check Blocked User UI, Check Membership Checkout via Pages - Themes, Check Membership Paywall from ""Get"" Top button (Artists Services), Check Membership Paywall from ""Get"" Top button (Create - Mobile Resolution), Check Membership Paywall from ""Get"" Top button (Feed), Check Membership Paywall from ""Get"" Top button (Library), Check Membership Paywall from ""Get"" Top button (Profile), Check Membership Paywall from Splitter LP - ""splitter_player_banner"", Check Membership Paywall via Beats - Details page, Check Membership Paywall via Fan Reach Landing Page, Check Membership Paywall via Industry Connect, Check Membership Paywall via Studio - BL Tokens, Check Membership Paywall via Studio - Effects (Channel Utility), Check Membership Paywall via Studio - Effects (Clean Limiter), Check Membership Paywall via Studio - Effects (Gater), Check Membership Paywall via Studio - Effects (M-S Spreader), Check Membership Paywall via Studio - Effects (Midside Encode), Check Membership Paywall via Studio - Effects (Multi Clipper), Check Membership Paywall via Studio - Effects (Multi-Band Comp), Check Membership Paywall via Studio - Effects (Shaper), Check Membership Paywall via Studio - Effects (Visual EQ) , Check Membership Paywall via Studio - Effects (Vocal Verb), Check Membership Paywall via Studio - Expand Effects chain, Check Membership Paywall via Studio - Normalize, Check Membership Paywall via Studio - Splitter, Check Membership Paywall via Studio - Voice Changer, Check Membership Paywall via Studio - Voice Cleaner, Check Membership Paywall via User Profile Viewers - Overview , Check Membership Paywall via on_signup_paywall, Check Payments for Membership until checkout - 1 Month, Check Payments for Membership until checkout - Trial, Check Private User UI, Check other user's Tracks, Check Universal Checkout via Membership Feature space, Community tab on Feed, Coupons - Post Boost, Deeplink - Membership (Monthly) (Mobile), Deeplink - Membership (Yearly), Distro Landing Page, Distro Landing Page (registered), Download Mixdown v0.1, Email already registered during onboarding, Force onboarding for users with unfinished onboarding, Global player: add sharing link for playback queue, Override Promo with Deeplink Coupon - (Random Plan), Override Promo with Deeplink Coupon - (Random Plan) (Mobile), Reactions on Fullscreen video player, Referral Paywall Page (Random Plan), Referral Paywall Page - Mobile(Random Plan), Referral Paywall Page -- Unauthorized then Sign Up (Random Plan) , Require Confirmed Emails for all users, Reset Password - Settings, Search, Trending Videos feature, UI: Revision1, follower view (user feed), Update Tipalti account, UI: Trending - Revision check(in general), Video Tab (owner), Video fullscreen : Feed, Video fullscreen : Trendings — ✅ 81 triggered, ❌ 0 failed",,6b91c33d9ed8,
2026-03-25 03:28:23 PM,System,"✅ Finished running all suites — 1 triggered, 0 failed.",,6b91c33d9ed8,
2026-03-25 03:26:22 PM,System,🚀 Started running all suites (1 total).,,6b91c33d9ed8,
2026-03-25 03:25:08 PM,System,"✅ Finished running all suites — 1 triggered, 0 failed.",,6b91c33d9ed8,
2026-03-25 03:23:08 PM,System,🚀 Started running all suites (1 total).,,6b91c33d9ed8,
2026-03-25 12:27:42 PM,System,🚀 Started running all suites (77 total).,,6b91c33d9ed8,
2026-03-25 09:23:08 AM,System,🚀 Started running all suites (77 total).,,6b91c33d9ed8,
2026-03-24 04:50:44 PM,System,"✅ Finished running all suites — 77 triggered, 0 failed.",,6b91c33d9ed8,
2026-03-24 04:34:38 PM,System,🚀 Started running all suites (77 total).,,6b91c33d9ed8,
2026-03-24 11:10:55 AM,System,🚀 Started running all suites (77 total).,,6b91c33d9ed8,
2026-03-24 11:10:37 AM,System,🚀 Started running all suites (77 total).,,6b91c33d9ed8,
2026-03-24 10:54:11 AM,System,🚀 Started running all suites (77 total).,,6b91c33d9ed8,
2026-03-24 10:19:26 AM,System,🏁 Finished suite: 36. PAYMENTS — ✅ triggered successfully,,6b91c33d9ed8,
2026-03-24 10:17:25 AM,System,▶️ Started running suite: 36. PAYMENTS,,6b91c33d9ed8,
2026-03-23 01:50:10 PM,System,▶️ Started running suite: Help Center,,6b91c33d9ed8,
2026-03-23 01:50:07 PM,System,🏁 Finished suite: 06. COUNTERS — ✅ triggered successfully,,6b91c33d9ed8,
2026-03-23 01:48:06 PM,System,▶️ Started running suite: 06. COUNTERS,,6b91c33d9ed8,
